"file","var","varlabel","most freq value","unique values","total obs","samp1","samp2","samp3","samp4","samp5",
"/Users/aditikadam/Desktop/GRAD/PhD/SEM5/ECON8410/Replication/replication_data_copy/JDE HM data -- educational attainment.dta","yearofbirth","","109","62","3676","109","108","107","106","105",
"/Users/aditikadam/Desktop/GRAD/PhD/SEM5/ECON8410/Replication/replication_data_copy/JDE HM data -- educational attainment.dta","_msiswork","","matched (3)","1","3676","matched (3)",
"/Users/aditikadam/Desktop/GRAD/PhD/SEM5/ECON8410/Replication/replication_data_copy/JDE HM data -- individual level.dta","mothereduc","","0","14","5993","16","14","12","10","9",
"/Users/aditikadam/Desktop/GRAD/PhD/SEM5/ECON8410/Replication/replication_data_copy/JDE HM data -- individual level.dta","agefirstbirth","","21","39","5993","49","40","38","37","36",
"/Users/aditikadam/Desktop/GRAD/PhD/SEM5/ECON8410/Replication/replication_data_copy/JDE HM data -- individual level.dta","haschild","","1","2","5993","1","0",
"/Users/aditikadam/Desktop/GRAD/PhD/SEM5/ECON8410/Replication/replication_data_copy/JDE HM data -- labor supply.dta","yearofbirth","","109","89","7741","109","108","107","106","105",
"/Users/aditikadam/Desktop/GRAD/PhD/SEM5/ECON8410/Replication/replication_data_copy/JDE HM data -- marriage and childbearing.dta","person","","4814","5504","137600","9986","9985","9984","9983","9982",
"/Users/aditikadam/Desktop/GRAD/PhD/SEM5/ECON8410/Replication/replication_data_copy/JDE HM data -- marriage and childbearing.dta","firstbirth_","","0","2","137600","1","0",
"/Users/aditikadam/Desktop/GRAD/PhD/SEM5/ECON8410/Replication/replication_data_copy/JDE HM data -- marriage and childbearing.dta","yearsexposed","","0","28","137600","27","26","25","24","23",
"/Users/aditikadam/Desktop/GRAD/PhD/SEM5/ECON8410/Replication/replication_data_copy/JDE HM data -- village level.dta","dist_districthospital","7 q3b","65","17","60","65","60","45","40","38",
